..................TÜRKÝYE,VE,YAKIN,ÇEVRESÝNDEKÝ,SON,DEPREMLER....................,,,,,,,,
.....BÖLGESEL,DEPREM-TSUNAMÝ,ÝZLEME,VE,DEÐERLENDÝRME,MERKEZÝ,HIZLI,ÇÖZÜMLERÝ.....,,,,,,
......(YAPAY,SARSINTI,ANALÝZÝ,YAPILMAMIÞTIR),Son,500,deprem,listelenmiþtir......,,,,,,
Büyüklük,,,,,,,,,,,,,
Tarih,Saat,Enlem(N),Boylam(E),Derinlik(km),MD,ML,Mw,Yer,Çözüm,Niteliði,,,
----------,--------,--------,-------,----------,------------,--------------,--------------,,,,,,
2025.01.12,16:40:09,37.5095,37.1348,5.0,-.-,1.8,-.-,KARTAL-(KAHRAMANMARAS),Ýlksel,,,,
2025.01.12,15:58:52,36.7313,36.2720,11.9,-.-,1.7,-.-,SINCAN-DORTYOL,(HATAY),Ýlksel,,,
2025.01.12,15:50:15,37.6683,23.7252,7.0,-.-,2.5,-.-,YUNANISTAN,Ýlksel,,,,
2025.01.12,15:33:22,38.2537,37.0807,4.3,-.-,1.8,-.-,IZGIN-ELBISTAN,(KAHRAMANMARAS),Ýlksel,,,
2025.01.12,15:15:36,35.9367,30.9610,11.0,-.-,1.8,-.-,AKDENIZ,Ýlksel,,,,
2025.01.12,15:08:52,38.6093,38.5065,5.6,-.-,1.5,-.-,BOZOGLAK-BASKIL,(ELAZIG),Ýlksel,,,
2025.01.12,15:06:46,38.1753,31.0425,7.3,-.-,2.0,-.-,BAGILLI-GELENDOST,(ISPARTA),Ýlksel,,,
2025.01.12,15:04:36,40.3223,31.7660,4.9,-.-,1.5,-.-,ASAGIGUNEY-BEYPAZARI,(ANKARA),Ýlksel,,,
2025.01.12,14:24:30,37.1478,28.8383,6.3,-.-,2.9,-.-,KARACAOREN-(MUGLA),Ýlksel,,,,
2025.01.12,14:17:17,38.2385,37.7478,8.4,-.-,1.9,-.-,CEVIRME-AKCADAG,(MALATYA),Ýlksel,,,
2025.01.12,14:03:38,34.7115,23.1283,7.5,-.-,2.1,-.-,GIRIT,ADASI,(AKDENIZ),Ýlksel,,
2025.01.12,13:38:37,37.9885,38.0695,5.7,-.-,1.6,-.-,KURUCAOVA-DOGANSEHIR,(MALATYA),Ýlksel,,,
2025.01.12,13:38:04,38.5140,28.1813,5.0,-.-,1.5,-.-,TAYTAN-SALIHLI,(MANISA),Ýlksel,,,
2025.01.12,13:16:42,35.9242,35.6407,9.3,-.-,2.0,-.-,AKDENIZ,Ýlksel,,,,
2025.01.12,13:15:42,37.5643,35.8132,13.7,-.-,1.5,-.-,DUZAGAC-KOZAN,(ADANA),Ýlksel,,,
2025.01.12,13:13:48,39.2427,29.1752,12.8,-.-,1.0,-.-,HASANLAR-HISARCIK,(KUTAHYA),Ýlksel,,,
2025.01.12,13:09:52,39.8902,41.8097,7.3,-.-,1.9,-.-,UZUNARK-PASINLER,(ERZURUM),Ýlksel,,,
2025.01.12,13:09:43,38.1623,38.2742,5.3,-.-,1.6,-.-,ASAGIKOY-YESILYURT,(MALATYA),Ýlksel,,,
2025.01.12,12:55:56,38.5177,28.2613,7.2,-.-,1.5,-.-,DURASILLI-SALIHLI,(MANISA),Ýlksel,,,
2025.01.12,12:53:18,39.4673,28.1133,5.0,-.-,2.5,-.-,DEGIRMENLI-BIGADIC,(BALIKESIR),Ýlksel,,,
2025.01.12,12:26:42,39.2525,28.6767,6.0,-.-,2.2,-.-,SARIKAYA-SIMAV,(KUTAHYA),Ýlksel,,,
2025.01.12,12:08:52,36.2413,23.7920,5.7,-.-,2.4,-.-,GIRIT,ADASI,(AKDENIZ),Ýlksel,,
2025.01.12,12:06:56,39.4198,37.2725,9.7,-.-,2.3,-.-,ORENLICE-ULAS,(SIVAS),Ýlksel,,,
2025.01.12,11:54:03,37.2057,36.8850,16.9,-.-,1.3,-.-,NOGAYLAR-NURDAGI,(GAZIANTEP),Ýlksel,,,
2025.01.12,10:20:09,37.8195,36.5130,5.2,-.-,1.8,-.-,KUMARLI-(KAHRAMANMARAS),Ýlksel,,,,
2025.01.12,10:05:18,38.3887,38.8265,5.0,-.-,2.2,-.-,KARAAGAC-KALE,(MALATYA),Ýlksel,,,
2025.01.12,08:41:37,39.5488,38.7053,16.3,-.-,1.2,-.-,YAHSILAR-KEMAH,(ERZINCAN),Ýlksel,,,
2025.01.12,08:24:56,34.5762,23.6137,5.0,-.-,2.6,-.-,GIRIT,ADASI,(AKDENIZ),Ýlksel,,
2025.01.12,08:23:18,42.4542,45.1862,5.0,-.-,3.0,-.-,GURCISTAN,Ýlksel,,,,
2025.01.12,08:06:13,38.2808,37.5188,14.8,-.-,1.3,-.-,YALAKKOY-ELBISTAN,(KAHRAMANMARAS),Ýlksel,,,
2025.01.12,07:54:53,38.3087,38.7012,5.0,-.-,1.6,-.-,KAMISTAS-(MALATYA),Ýlksel,,,,
2025.01.12,07:39:14,39.2940,28.6825,6.6,-.-,2.5,-.-,KIZILCIK-SIMAV,(KUTAHYA),Ýlksel,,,
2025.01.12,07:26:29,36.6683,36.0838,10.7,-.-,1.4,-.-,SARISEKI-ISKENDERUN,(HATAY),Ýlksel,,,
2025.01.12,07:23:42,38.4985,28.2613,7.3,-.-,1.5,-.-,DURASILLI-SALIHLI,(MANISA),Ýlksel,,,
2025.01.12,05:51:46,37.8023,36.4325,15.7,-.-,1.5,-.-,GEBEN-ANDIRIN,(KAHRAMANMARAS),Ýlksel,,,
2025.01.12,05:47:24,38.4818,28.3022,19.1,-.-,1.2,-.-,YESILOVA-SALIHLI,(MANISA),Ýlksel,,,
2025.01.12,05:31:35,40.7817,29.1212,9.8,-.-,1.7,-.-,ADALAR,(ISTANBUL),Ýlksel,,,
2025.01.12,05:03:48,40.7807,29.1077,12.1,-.-,1.6,-.-,ADALAR,(ISTANBUL),Ýlksel,,,
2025.01.12,05:01:43,40.7708,29.0910,11.2,-.-,1.1,-.-,CINARCIK,ACIKLARI-YALOVA,(MARMARA,DENIZI),Ýlksel,
2025.01.12,04:51:49,40.7803,29.1137,12.0,-.-,1.3,-.-,ADALAR,(ISTANBUL),Ýlksel,,,
2025.01.12,04:42:51,38.0778,37.1148,5.3,-.-,1.2,-.-,KANDILKOY-EKINOZU,(KAHRAMANMARAS),Ýlksel,,,
2025.01.12,04:10:20,35.7567,25.5150,14.1,-.-,1.8,-.-,GIRIT,ADASI,(AKDENIZ),Ýlksel,,
2025.01.12,04:07:22,37.1533,28.1712,11.3,-.-,1.5,-.-,MEKE-(MUGLA),Ýlksel,,,,
2025.01.12,04:05:04,37.6563,27.3690,5.0,-.-,1.5,-.-,GOLBENT-SOKE,(AYDIN),Ýlksel,,,
2025.01.12,03:50:57,37.1295,28.8945,8.0,-.-,2.4,-.-,OTMANLAR-KOYCEGIZ,(MUGLA),Ýlksel,,,
2025.01.12,03:50:05,36.6792,36.1622,7.6,-.-,1.5,-.-,SARISEKI-ISKENDERUN,(HATAY),Ýlksel,,,
2025.01.12,03:32:56,38.5108,28.2563,5.4,-.-,2.0,-.-,DURASILLI-SALIHLI,(MANISA),Ýlksel,,,
2025.01.12,03:29:26,38.0947,37.7747,5.3,-.-,1.9,-.-,SOGUT-DOGANSEHIR,(MALATYA),Ýlksel,,,
2025.01.12,03:03:27,38.5272,28.2287,5.4,-.-,1.6,-.-,DURASILLI-SALIHLI,(MANISA),Ýlksel,,,
2025.01.12,02:50:15,35.1705,24.1967,10.9,-.-,2.7,-.-,GIRIT,ADASI,(AKDENIZ),Ýlksel,,
2025.01.12,02:44:32,38.5173,28.2552,5.5,-.-,1.8,-.-,DURASILLI-SALIHLI,(MANISA),Ýlksel,,,
2025.01.12,02:39:03,39.1715,43.3717,4.9,-.-,2.0,-.-,ISBASI-ERCIS,(VAN),Ýlksel,,,
2025.01.12,02:37:09,38.5087,28.2427,7.0,-.-,1.4,-.-,DURASILLI-SALIHLI,(MANISA),Ýlksel,,,
2025.01.12,02:29:32,38.9867,27.9482,9.7,-.-,1.5,-.-,DOGANKAYA-AKHISAR,(MANISA),Ýlksel,,,
2025.01.12,02:10:02,37.8437,36.5653,8.7,-.-,1.6,-.-,CUKURHISAR-(KAHRAMANMARAS),Ýlksel,,,,
2025.01.12,02:08:11,39.0608,40.4237,4.7,-.-,1.9,-.-,SUDUGUNU-(BINGOL),Ýlksel,,,,
2025.01.12,01:45:28,37.1467,28.8505,4.7,-.-,1.6,-.-,BEYAGAC,(DENIZLI),Ýlksel,,,
2025.01.12,01:38:30,39.5013,26.1950,9.5,-.-,1.2,-.-,CAMKALABAK-AYVACIK,(CANAKKALE),Ýlksel,,,
2025.01.12,01:09:21,37.0055,27.8483,5.1,-.-,1.4,-.-,GOKOVA,KORFEZI,(AKDENIZ),Ýlksel,,
2025.01.12,01:05:24,37.8180,35.2187,5.4,-.-,2.0,-.-,ULUPINAR-YAHYALI,(KAYSERI),Ýlksel,,,
2025.01.12,00:47:12,37.7897,36.0735,5.0,-.-,1.6,-.-,AKOLUK-FEKE,(ADANA),Ýlksel,,,
2025.01.11,23:22:22,37.9170,36.6528,7.3,-.-,2.2,-.-,TEKIR-(KAHRAMANMARAS),Ýlksel,,,,
2025.01.11,22:59:59,36.0978,27.0697,7.2,-.-,1.9,-.-,AKDENIZ,Ýlksel,,,,
2025.01.11,22:06:32,36.1053,36.0192,5.0,-.-,2.2,-.-,KOYUNOGLU-SAMANDAG,(HATAY),Ýlksel,,,
2025.01.11,21:10:19,38.5230,28.2485,8.0,-.-,2.5,-.-,DURASILLI-SALIHLI,(MANISA),Ýlksel,,,
2025.01.11,21:03:11,38.4352,39.1650,5.0,-.-,2.6,-.-,KAVAKKOY-SIVRICE,(ELAZIG),Ýlksel,,,
2025.01.11,20:22:58,40.5163,28.9080,13.7,-.-,1.4,-.-,MECIDIYE-ARMUTLU,(YALOVA),Ýlksel,,,
2025.01.11,19:56:44,36.3883,27.6137,5.0,-.-,3.2,3.0,ONIKI,ADALAR,(AKDENIZ),Ýlksel,,
2025.01.11,19:41:06,37.3518,39.2717,5.0,-.-,1.9,-.-,BASBUK-SIVEREK,(SANLIURFA),Ýlksel,,,
2025.01.11,18:55:40,39.8405,41.7495,1.0,-.-,1.8,-.-,TASLIYURT-PASINLER,(ERZURUM),Ýlksel,,,
2025.01.11,18:03:54,40.3948,33.3858,7.1,-.-,1.7,-.-,DEMIRTAS-KALECIK,(ANKARA),Ýlksel,,,
2025.01.11,16:52:53,36.6978,36.1507,5.0,-.-,3.1,3.0,SARISEKI-ISKENDERUN,(HATAY),Ýlksel,,,
2025.01.11,16:35:43,40.5000,36.9277,5.0,-.-,2.7,-.-,ORMANCIK-NIKSAR,(TOKAT),Ýlksel,,,
2025.01.11,13:51:04,37.9608,36.3057,9.5,-.-,1.4,-.-,KAZANDERE-GOKSUN,(KAHRAMANMARAS),Ýlksel,,,
2025.01.11,13:31:31,38.5142,28.2513,11.1,-.-,2.0,-.-,DURASILLI-SALIHLI,(MANISA),Ýlksel,,,
2025.01.11,13:18:43,37.9108,36.6678,7.6,-.-,2.4,-.-,TEKIR-(KAHRAMANMARAS),Ýlksel,,,,
2025.01.11,12:47:36,36.7255,36.1567,5.0,-.-,3.0,3.0,PAYAS-DORTYOL,(HATAY),Ýlksel,,,
2025.01.11,12:27:36,37.9225,36.6747,5.0,-.-,2.2,-.-,TEKIR-(KAHRAMANMARAS),Ýlksel,,,,
2025.01.11,08:22:09,38.7740,37.4882,5.0,-.-,1.5,-.-,AYVALI-GURUN,(SIVAS),Ýlksel,,,
2025.01.11,08:00:32,38.3338,31.1852,7.6,-.-,1.6,-.-,SUCULLU-YALVAC,(ISPARTA),Ýlksel,,,
2025.01.11,07:37:36,38.4058,37.4515,5.0,-.-,1.1,-.-,YALINTAS-ELBISTAN,(KAHRAMANMARAS),Ýlksel,,,
2025.01.11,07:05:11,38.5272,28.2033,4.5,-.-,1.7,-.-,TAYTAN-SALIHLI,(MANISA),Ýlksel,,,
2025.01.11,07:04:58,38.3428,37.8585,8.4,-.-,1.2,-.-,DUMUKLU-AKCADAG,(MALATYA),Ýlksel,,,
2025.01.11,07:03:26,38.1075,37.3677,13.4,-.-,1.3,-.-,AGCASAR-NURHAK,(KAHRAMANMARAS),Ýlksel,,,
2025.01.11,06:53:46,38.4360,37.5612,5.4,-.-,0.8,-.-,ASAGIULUPINAR-DARENDE,(MALATYA),Ýlksel,,,
2025.01.11,06:46:20,40.8187,28.4730,14.3,-.-,2.1,-.-,GURPINAR,ACIKLARI-ISTANBUL,(MARMARA,DENIZI),Ýlksel,
2025.01.11,06:30:16,40.8443,28.5002,22.3,-.-,2.0,-.-,GURPINAR,ACIKLARI-ISTANBUL,(MARMARA,DENIZI),Ýlksel,
2025.01.11,06:29:01,38.1380,37.0630,4.7,-.-,2.0,-.-,CALIS-ELBISTAN,(KAHRAMANMARAS),Ýlksel,,,
2025.01.11,06:27:22,40.8213,28.4642,9.2,-.-,2.1,-.-,GURPINAR,ACIKLARI-ISTANBUL,(MARMARA,DENIZI),Ýlksel,
2025.01.11,06:22:02,39.1785,27.7677,14.6,-.-,1.5,-.-,YAGMURLU-KIRKAGAC,(MANISA),Ýlksel,,,
2025.01.11,06:18:41,38.4277,37.4313,13.7,-.-,0.9,-.-,YAVUZLAR-DARENDE,(MALATYA),Ýlksel,,,
2025.01.11,06:17:37,39.8337,41.7608,5.0,-.-,2.5,-.-,TASLIYURT-PASINLER,(ERZURUM),Ýlksel,,,
2025.01.11,06:16:25,38.1133,37.0365,5.0,-.-,2.0,-.-,CALIS-ELBISTAN,(KAHRAMANMARAS),Ýlksel,,,
2025.01.11,05:52:11,38.3502,38.7630,7.3,-.-,1.4,-.-,CANAKCI-KALE,(MALATYA),Ýlksel,,,
2025.01.11,05:50:22,39.9635,27.8383,2.0,-.-,1.2,-.-,KARAKABAAGAC-MANYAS,(BALIKESIR),Ýlksel,,,
2025.01.11,05:46:03,39.2012,27.7438,5.4,-.-,1.6,-.-,BAYAT-SOMA,(MANISA),Ýlksel,,,
2025.01.11,05:43:38,38.5207,28.2143,8.7,-.-,1.9,-.-,TAYTAN-SALIHLI,(MANISA),Ýlksel,,,
2025.01.11,05:42:58,38.2135,35.1513,5.0,-.-,1.5,-.-,KUSCU-YESILHISAR,(KAYSERI),Ýlksel,,,
2025.01.11,05:42:53,40.0680,42.9855,5.0,-.-,2.7,-.-,ALTINGEDIK-KAGIZMAN,(KARS),Ýlksel,,,
2025.01.11,05:42:19,35.1050,23.2100,7.0,-.-,3.2,3.2,GIRIT,ADASI,(AKDENIZ),Ýlksel,,
2025.01.11,05:38:21,38.5343,28.2462,8.1,-.-,3.1,3.0,DURASILLI-SALIHLI,(MANISA),Ýlksel,,,
2025.01.11,05:32:23,35.0807,25.2375,5.0,-.-,2.2,-.-,GIRIT,ADASI,(AKDENIZ),Ýlksel,,
2025.01.11,05:24:03,36.6525,36.0635,21.2,-.-,1.3,-.-,KARAAGAC-ARSUZ,(HATAY),Ýlksel,,,
2025.01.11,05:09:33,36.7135,36.1263,6.3,-.-,2.1,-.-,KARAYILAN-ISKENDERUN,(HATAY),Ýlksel,,,
2025.01.11,05:05:44,35.7693,27.9762,7.5,-.-,2.4,-.-,AKDENIZ,Ýlksel,,,,
2025.01.11,04:57:28,39.2328,27.7298,8.9,-.-,1.3,-.-,DENIS-SOMA,(MANISA),Ýlksel,,,
2025.01.11,04:24:51,36.6642,36.1330,7.1,-.-,1.9,-.-,SARISEKI-ISKENDERUN,(HATAY),Ýlksel,,,
2025.01.11,04:18:39,36.6995,36.1345,4.0,-.-,3.7,3.8,SARISEKI-ISKENDERUN,(HATAY),Ýlksel,,,
2025.01.11,04:06:05,39.8337,41.8827,15.2,-.-,1.1,-.-,ALACA-KOPRUKOY,(ERZURUM),Ýlksel,,,
2025.01.11,03:52:04,38.5403,37.4450,5.0,-.-,1.3,-.-,GUNPINAR-DARENDE,(MALATYA),Ýlksel,,,
2025.01.11,03:48:29,40.0190,42.7810,12.0,-.-,1.6,-.-,CAYARASI-KAGIZMAN,(KARS),Ýlksel,,,
2025.01.11,03:36:41,36.9310,35.5168,26.2,-.-,1.3,-.-,VAYVAYLI-YUREGIR,(ADANA),Ýlksel,,,
2025.01.11,03:35:22,39.1802,27.7553,11.8,-.-,2.4,-.-,KUCUKYAYA-KIRKAGAC,(MANISA),Ýlksel,,,
2025.01.11,03:21:13,38.4237,37.4785,10.7,-.-,1.2,-.-,SUGUL-DARENDE,(MALATYA),Ýlksel,,,
2025.01.11,03:16:45,40.0267,42.8478,5.0,-.-,2.1,-.-,DEGIRMENDERE-KAGIZMAN,(KARS),Ýlksel,,,
2025.01.11,02:57:21,38.4173,37.4848,4.7,-.-,1.0,-.-,SUGUL-DARENDE,(MALATYA),Ýlksel,,,
2025.01.11,02:56:22,38.4243,37.5235,2.9,-.-,0.9,-.-,SUGUL-DARENDE,(MALATYA),Ýlksel,,,
2025.01.11,02:54:42,39.2130,27.7032,3.7,-.-,1.0,-.-,DENIS-SOMA,(MANISA),Ýlksel,,,
2025.01.11,02:50:28,39.2090,27.7223,6.8,-.-,1.5,-.-,DENIS-SOMA,(MANISA),Ýlksel,,,
2025.01.11,02:46:19,39.1643,27.7933,5.4,-.-,1.7,-.-,HAMITLI-KIRKAGAC,(MANISA),Ýlksel,,,
2025.01.11,02:42:05,39.1783,27.7677,8.2,-.-,2.4,-.-,YAGMURLU-KIRKAGAC,(MANISA),Ýlksel,,,
2025.01.11,02:37:11,34.5347,23.6607,5.0,-.-,2.4,-.-,GIRIT,ADASI,(AKDENIZ),Ýlksel,,
2025.01.11,02:33:12,37.2513,37.1045,5.8,-.-,1.3,-.-,EVRI-PAZARCIK,(KAHRAMANMARAS),Ýlksel,,,
2025.01.11,02:28:23,39.2090,27.7172,14.0,-.-,1.7,-.-,DENIS-SOMA,(MANISA),Ýlksel,,,
2025.01.11,02:24:51,40.2473,24.0950,6.6,-.-,2.0,-.-,YUNANISTAN,Ýlksel,,,,
2025.01.11,02:24:27,39.1577,27.7413,4.8,-.-,1.0,-.-,KUCUKYAYA-KIRKAGAC,(MANISA),Ýlksel,,,
2025.01.11,02:07:17,38.2483,37.7892,7.7,-.-,1.6,-.-,CEVIRME-AKCADAG,(MALATYA),Ýlksel,,,
2025.01.11,02:02:09,38.3263,37.3913,4.2,-.-,1.1,-.-,AKSAKAL-ELBISTAN,(KAHRAMANMARAS),Ýlksel,,,
2025.01.11,01:57:30,40.0007,42.7830,26.4,-.-,1.5,-.-,CICEKLI-KAGIZMAN,(KARS),Ýlksel,,,
2025.01.11,01:54:29,39.7837,25.5645,5.0,-.-,2.0,-.-,EGE,DENIZI,Ýlksel,,,
2025.01.11,01:54:10,35.8068,35.7255,15.8,-.-,2.0,-.-,AKDENIZ,Ýlksel,,,,
2025.01.11,01:53:48,39.1165,41.0878,13.3,-.-,1.2,-.-,CATAK-KARLIOVA,(BINGOL),Ýlksel,,,
2025.01.11,01:30:48,38.4320,37.4573,5.4,-.-,1.3,-.-,YAVUZLAR-DARENDE,(MALATYA),Ýlksel,,,
2025.01.11,01:18:52,38.3518,38.7660,13.5,-.-,1.4,-.-,CANAKCI-KALE,(MALATYA),Ýlksel,,,
2025.01.11,00:58:02,40.5940,32.1303,9.6,-.-,1.8,-.-,KARAPAZAR-GEREDE,(BOLU),Ýlksel,,,
2025.01.11,00:57:21,37.0187,33.2547,11.0,-.-,1.5,-.-,TAVSANLI-(KARAMAN),Ýlksel,,,,
2025.01.11,00:55:53,38.4180,37.5005,5.5,-.-,1.6,-.-,SUGUL-DARENDE,(MALATYA),Ýlksel,,,
2025.01.11,00:54:05,40.8085,28.4455,17.5,-.-,2.0,-.-,MARMARA,DENIZI,Ýlksel,,,
2025.01.11,00:26:24,40.0142,42.8278,5.5,-.-,2.2,-.-,KORPINAR-KAGIZMAN,(KARS),Ýlksel,,,
2025.01.11,00:23:48,39.2300,27.7227,8.7,-.-,1.3,-.-,DENIS-SOMA,(MANISA),Ýlksel,,,
2025.01.11,00:17:02,37.1262,28.8090,15.1,-.-,1.3,-.-,TURGUT-ULA,(MUGLA),Ýlksel,,,
2025.01.10,23:52:22,40.7997,28.4318,12.2,-.-,1.8,-.-,MARMARA,DENIZI,Ýlksel,,,
2025.01.10,23:37:35,35.9768,27.2535,8.2,-.-,3.1,3.2,AKDENIZ,Ýlksel,,,,
2025.01.10,23:27:32,38.3242,27.1867,11.7,-.-,1.6,-.-,ZAFER-BUCA,(IZMIR),Ýlksel,,,
2025.01.10,23:26:55,40.0765,35.6360,8.0,-.-,1.7,-.-,ELEMIN-CEKEREK,(YOZGAT),Ýlksel,,,
2025.01.10,23:21:10,39.8355,41.9303,17.6,-.-,1.6,-.-,ALACA-KOPRUKOY,(ERZURUM),Ýlksel,,,
2025.01.10,22:57:59,37.0710,33.2600,5.4,-.-,1.8,-.-,TARLAOREN-(KARAMAN),Ýlksel,,,,
2025.01.10,22:47:44,38.0615,37.2157,15.0,-.-,1.0,-.-,EKINOZU,(KAHRAMANMARAS),Ýlksel,,,
2025.01.10,22:13:26,38.4178,37.5012,5.0,-.-,1.2,-.-,SUGUL-DARENDE,(MALATYA),Ýlksel,,,
2025.01.10,22:06:20,39.8720,41.7325,7.8,-.-,2.0,-.-,YASTIKTEPE-PASINLER,(ERZURUM),Ýlksel,,,
2025.01.10,21:59:06,40.8158,28.4258,11.6,-.-,2.6,-.-,MARMARA,DENIZI,Ýlksel,,,
2025.01.10,21:26:15,38.4212,37.4927,5.6,-.-,1.3,-.-,SUGUL-DARENDE,(MALATYA),Ýlksel,,,
2025.01.10,20:51:42,40.3477,24.1565,7.7,-.-,2.6,-.-,YUNANISTAN,Ýlksel,,,,
2025.01.10,20:43:29,36.4195,28.4950,15.8,-.-,1.5,-.-,AKDENIZ,Ýlksel,,,,
2025.01.10,20:41:53,36.4255,28.4890,15.8,-.-,2.1,-.-,AKDENIZ,Ýlksel,,,,
2025.01.10,19:32:39,39.8432,41.7502,5.0,-.-,3.1,3.3,TASLIYURT-PASINLER,(ERZURUM),Ýlksel,,,
2025.01.10,19:08:49,40.0940,35.6353,4.7,-.-,1.9,-.-,SARIKOY-CEKEREK,(YOZGAT),Ýlksel,,,
2025.01.10,18:52:04,40.8162,28.4393,9.5,-.-,2.6,-.-,MARMARA,DENIZI,Ýlksel,,,
2025.01.10,18:23:05,38.1455,36.8780,4.6,-.-,1.9,-.-,ESENCE-AFSIN,(KAHRAMANMARAS),Ýlksel,,,
2025.01.10,18:14:56,37.7840,35.4032,4.9,-.-,1.7,-.-,BUYUKCAKIR-YAHYALI,(KAYSERI),Ýlksel,,,
2025.01.10,18:03:08,37.2030,28.5242,22.8,-.-,1.4,-.-,OZLUCE-(MUGLA),Ýlksel,,,,
2025.01.10,17:54:16,36.0743,28.0993,16.4,-.-,1.6,-.-,AKDENIZ,Ýlksel,,,,
2025.01.10,17:32:29,39.4698,26.2375,23.1,-.-,1.5,-.-,BEKTAS-AYVACIK,(CANAKKALE),Ýlksel,,,
2025.01.10,17:15:42,37.1537,28.8522,10.0,-.-,1.9,-.-,BEYAGAC,(DENIZLI),Ýlksel,,,
2025.01.10,17:10:56,36.0510,28.0685,9.8,-.-,2.1,-.-,AKDENIZ,Ýlksel,,,,
2025.01.10,16:23:01,36.2458,29.6132,2.5,-.-,1.6,-.-,YENIKOY-KAS,(ANTALYA),Ýlksel,,,
2025.01.10,14:48:04,40.3160,43.2592,10.0,-.-,2.5,-.-,AKCAKALE-KAGIZMAN,(KARS),Ýlksel,,,
2025.01.10,14:14:16,39.8380,41.7855,10.8,-.-,2.0,-.-,TASLIYURT-PASINLER,(ERZURUM),Ýlksel,,,
2025.01.10,13:46:56,38.4358,37.4685,14.2,-.-,1.8,-.-,YAVUZLAR-DARENDE,(MALATYA),Ýlksel,,,
2025.01.10,13:20:27,38.8253,27.9515,7.8,-.-,1.3,-.-,BOYALILAR-AKHISAR,(MANISA),Ýlksel,,,
2025.01.10,13:18:24,40.7912,28.4728,17.1,-.-,1.6,-.-,MARMARA,DENIZI,Ýlksel,,,
2025.01.10,13:15:53,39.8802,28.8095,0.0,-.-,1.7,-.-,YENIDANISMENT-ORHANELI,(BURSA),Ýlksel,,,
2025.01.10,13:05:22,39.9113,28.8655,0.0,-.-,1.8,-.-,GUMUSPINAR-ORHANELI,(BURSA),Ýlksel,,,
2025.01.10,13:01:50,38.4660,37.8088,13.3,-.-,1.5,-.-,KAYADIBI-AKCADAG,(MALATYA),Ýlksel,,,
2025.01.10,12:59:11,39.3440,29.3032,0.0,-.-,1.6,-.-,BAHATLAR-EMET,(KUTAHYA),Ýlksel,,,
2025.01.10,12:56:19,39.4837,28.1150,7.5,-.-,1.7,-.-,DEGIRMENLI-BIGADIC,(BALIKESIR),Ýlksel,,,
2025.01.10,12:24:55,40.8128,28.4473,5.9,-.-,3.4,3.0,MARMARA,DENIZI,Ýlksel,,,
2025.01.10,12:16:09,36.1013,27.0102,6.9,-.-,3.2,3.3,AKDENIZ,Ýlksel,,,,
2025.01.10,11:37:12,37.1985,32.9312,6.7,-.-,2.3,-.-,KAZIMKARABEKIR,(KARAMAN),Ýlksel,,,
2025.01.10,11:34:50,37.9548,27.0973,7.5,-.-,1.7,-.-,KUSADASI,KORFEZI,(EGE,DENIZI),Ýlksel,
2025.01.10,10:39:13,39.0325,33.8650,4.8,-.-,1.1,-.-,EVREN,(ANKARA),Ýlksel,,,
2025.01.10,10:28:39,40.2302,31.7173,10.2,-.-,1.9,-.-,SEKLI-BEYPAZARI,(ANKARA),Ýlksel,,,
2025.01.10,10:16:23,39.8148,41.8785,5.0,-.-,1.9,-.-,ALACA-KOPRUKOY,(ERZURUM),Ýlksel,,,
2025.01.10,10:02:31,36.0665,28.0967,8.5,-.-,2.2,-.-,AKDENIZ,Ýlksel,,,,
2025.01.10,09:58:57,39.4140,37.2848,7.5,-.-,1.5,-.-,KERTMEKARACAOREN-ULAS,(SIVAS),Ýlksel,,,
2025.01.10,09:32:40,37.1532,28.8182,17.4,-.-,1.6,-.-,KARACAOREN-(MUGLA),Ýlksel,,,,
2025.01.10,09:10:17,38.0835,36.6595,8.0,-.-,1.8,-.-,GUCUKSU-GOKSUN,(KAHRAMANMARAS),Ýlksel,,,
2025.01.10,08:40:48,39.8207,41.8073,10.7,-.-,2.2,-.-,MARIFET-KOPRUKOY,(ERZURUM),Ýlksel,,,
2025.01.10,08:40:09,38.4652,39.0582,13.7,-.-,2.9,-.-,OKSUZUSAGI-(ELAZIG),Ýlksel,,,,
2025.01.10,07:39:53,38.1998,38.4760,5.4,-.-,1.6,-.-,GULUMUSAGI-(MALATYA),Ýlksel,,,,
2025.01.10,07:14:22,38.1280,36.9393,18.3,-.-,1.3,-.-,TOMBAK-GOKSUN,(KAHRAMANMARAS),Ýlksel,,,
2025.01.10,07:08:50,35.9597,35.9577,12.3,-.-,3.9,3.9,DENIZGOREN-YAYLADAGI,(HATAY),Ýlksel,,,
2025.01.10,06:52:45,38.4487,37.4888,17.8,-.-,1.2,-.-,SUGUL-DARENDE,(MALATYA),Ýlksel,,,
2025.01.10,06:47:13,39.8727,41.7700,3.3,-.-,1.4,-.-,TASLIYURT-PASINLER,(ERZURUM),Ýlksel,,,
2025.01.10,06:45:57,38.4227,37.5083,10.5,-.-,1.3,-.-,SUGUL-DARENDE,(MALATYA),Ýlksel,,,
2025.01.10,06:45:12,36.9767,28.2693,5.4,-.-,1.1,-.-,CAMLI-MARMARIS,(MUGLA),Ýlksel,,,
2025.01.10,06:44:20,39.8343,41.7628,2.3,-.-,2.9,-.-,TASLIYURT-PASINLER,(ERZURUM),Ýlksel,,,
2025.01.10,06:05:31,37.1108,28.7203,14.0,-.-,1.2,-.-,TURGUT-ULA,(MUGLA),Ýlksel,,,
2025.01.10,05:49:13,37.1753,28.7967,11.7,-.-,1.2,-.-,KARACAOREN-(MUGLA),Ýlksel,,,,
2025.01.10,05:45:58,37.5327,38.6325,8.7,-.-,2.9,-.-,KAVALIK-HILVAN,(SANLIURFA),Ýlksel,,,
2025.01.10,05:37:31,38.4227,37.4970,5.2,-.-,1.0,-.-,SUGUL-DARENDE,(MALATYA),Ýlksel,,,
2025.01.10,05:35:30,41.2938,23.8832,6.6,-.-,1.6,-.-,YUNANISTAN,Ýlksel,,,,
2025.01.10,05:12:13,38.1192,36.6385,5.0,-.-,1.3,-.-,KANLIKAVAK-GOKSUN,(KAHRAMANMARAS),Ýlksel,,,
2025.01.10,05:09:00,38.6912,27.0337,8.9,-.-,1.6,-.-,HATUNDERE-MENEMEN,(IZMIR),Ýlksel,,,
2025.01.10,05:07:04,38.3638,37.6048,5.0,-.-,1.4,-.-,YUKARIULUPINAR-DARENDE,(MALATYA),Ýlksel,,,
2025.01.10,04:44:14,40.7092,32.8460,5.0,-.-,2.0,-.-,KISAC-CERKES,(CANKIRI),Ýlksel,,,
2025.01.10,04:30:53,39.0598,23.0803,17.8,-.-,2.0,-.-,YUNANISTAN,Ýlksel,,,,
2025.01.10,04:30:14,37.0423,36.9377,7.3,-.-,1.3,-.-,KUZOLUK-NURDAGI,(GAZIANTEP),Ýlksel,,,
2025.01.10,04:08:56,39.0907,40.7403,11.1,-.-,0.8,-.-,ALATEPE-(BINGOL),Ýlksel,,,,
2025.01.10,04:07:52,38.4097,37.5113,5.0,-.-,0.9,-.-,SUGUL-DARENDE,(MALATYA),Ýlksel,,,
2025.01.10,04:01:55,37.9000,38.1792,20.5,-.-,0.9,-.-,YAZIBASI-(ADIYAMAN),Ýlksel,,,,
2025.01.10,03:48:38,38.4143,37.4962,5.0,-.-,2.2,-.-,SUGUL-DARENDE,(MALATYA),Ýlksel,,,
2025.01.10,02:56:15,38.4902,26.8363,5.6,-.-,1.1,-.-,IZMIR,KORFEZI,(EGE,DENIZI),Ýlksel,
2025.01.10,02:43:14,41.0460,39.7125,15.4,-.-,1.8,-.-,TRABZON,(TRABZON),Ýlksel,,,
2025.01.10,02:41:06,38.4408,37.4662,15.4,-.-,1.1,-.-,YAVUZLAR-DARENDE,(MALATYA),Ýlksel,,,
2025.01.10,02:36:28,38.1050,37.6095,4.7,-.-,1.4,-.-,TAPKIRANKALE-ELBISTAN,(KAHRAMANMARAS),Ýlksel,,,
2025.01.10,02:07:28,36.0863,28.0970,2.0,-.-,2.0,-.-,AKDENIZ,Ýlksel,,,,
2025.01.10,01:53:17,39.6978,26.3753,10.2,-.-,1.6,-.-,BOZELI-EZINE,(CANAKKALE),Ýlksel,,,
2025.01.10,01:43:56,38.4088,37.4958,5.0,-.-,1.2,-.-,SUGUL-DARENDE,(MALATYA),Ýlksel,,,
2025.01.10,01:32:16,38.4598,37.6143,5.0,-.-,1.2,-.-,BALABAN-DARENDE,(MALATYA),Ýlksel,,,
2025.01.10,01:05:23,36.7093,36.1602,10.2,-.-,1.1,-.-,KARAYILAN-ISKENDERUN,(HATAY),Ýlksel,,,
2025.01.10,00:53:45,38.0745,38.1360,16.3,-.-,1.1,-.-,YALINKAYA-YESILYURT,(MALATYA),Ýlksel,,,
2025.01.10,00:27:57,38.5330,28.2330,5.4,-.-,1.8,-.-,DURASILLI-SALIHLI,(MANISA),Ýlksel,,,
2025.01.10,00:25:51,38.4203,37.4505,5.4,-.-,1.3,-.-,YAVUZLAR-DARENDE,(MALATYA),Ýlksel,,,
2025.01.09,23:58:45,40.3058,43.2442,18.4,-.-,1.7,-.-,AKCAKALE-KAGIZMAN,(KARS),Ýlksel,,,
2025.01.09,23:54:55,40.7968,31.0277,11.8,-.-,1.5,-.-,ICMELER-GOLYAKA,(DUZCE),Ýlksel,,,
2025.01.09,23:43:53,38.4187,37.4550,8.0,-.-,1.3,-.-,SUGUL-DARENDE,(MALATYA),Ýlksel,,,
2025.01.09,23:30:10,40.7763,30.9852,11.6,-.-,2.2,-.-,GOLYAKA,(DUZCE),Ýlksel,,,
2025.01.09,23:26:08,39.0793,25.7880,10.6,-.-,1.6,-.-,EGE,DENIZI,Ýlksel,,,
2025.01.09,22:43:02,40.2507,24.0792,8.3,-.-,1.9,-.-,YUNANISTAN,Ýlksel,,,,
2025.01.09,22:29:52,39.0440,25.6662,8.1,-.-,2.7,-.-,EGE,DENIZI,Ýlksel,,,
2025.01.09,22:23:49,38.5242,28.2838,9.0,-.-,1.8,-.-,DURASILLI-SALIHLI,(MANISA),Ýlksel,,,
2025.01.09,22:18:58,38.4248,37.5075,12.8,-.-,1.3,-.-,SUGUL-DARENDE,(MALATYA),Ýlksel,,,
2025.01.09,21:59:23,38.2257,38.0978,5.7,-.-,1.3,-.-,ISIKLI-YESILYURT,(MALATYA),Ýlksel,,,
2025.01.09,21:54:28,38.4247,37.4957,3.6,-.-,1.1,-.-,SUGUL-DARENDE,(MALATYA),Ýlksel,,,
2025.01.09,21:24:47,35.3728,27.4683,7.3,-.-,2.3,-.-,AKDENIZ,Ýlksel,,,,
2025.01.09,20:49:24,35.6798,28.6017,18.0,-.-,1.6,-.-,AKDENIZ,Ýlksel,,,,
2025.01.09,20:29:19,38.3080,38.2288,5.0,-.-,1.3,-.-,YAKINCA-YESILYURT,(MALATYA),Ýlksel,,,
2025.01.09,19:34:30,36.0323,28.0512,10.7,-.-,2.2,-.-,AKDENIZ,Ýlksel,,,,
2025.01.09,19:32:39,37.9280,36.6030,10.4,-.-,1.6,-.-,KURUCAOVA-(KAHRAMANMARAS),Ýlksel,,,,
2025.01.09,19:31:17,38.4402,40.4833,6.9,-.-,2.1,-.-,DURU-LICE,(DIYARBAKIR),Ýlksel,,,
2025.01.09,19:03:08,36.2682,28.2730,60.1,-.-,1.8,-.-,AKDENIZ,Ýlksel,,,,
2025.01.09,18:20:56,40.4808,29.2000,0.0,-.-,1.5,-.-,SAHINYURDU-GEMLIK,(BURSA),Ýlksel,,,
2025.01.09,17:29:01,37.0773,28.2883,8.3,-.-,2.1,-.-,KUYUCAK-(MUGLA),Ýlksel,,,,
2025.01.09,17:12:45,38.4025,37.4890,5.5,-.-,2.0,-.-,SUGUL-DARENDE,(MALATYA),Ýlksel,,,
2025.01.09,17:11:23,36.4523,28.4677,15.8,-.-,2.2,-.-,AKDENIZ,Ýlksel,,,,
2025.01.09,16:15:36,37.3562,36.0715,15.2,-.-,1.6,-.-,ANBERINARKI-KADIRLI,(OSMANIYE),Ýlksel,,,
2025.01.09,15:59:21,38.4250,37.4392,5.4,-.-,1.4,-.-,YAVUZLAR-DARENDE,(MALATYA),Ýlksel,,,
2025.01.09,15:42:17,36.7902,36.3510,12.2,-.-,1.9,-.-,ARPALIUSAGI-HASSA,(HATAY),Ýlksel,,,
2025.01.09,15:41:28,36.0787,33.5555,4.6,-.-,1.2,-.-,AYDINCIK,ACIKLARI-MERSIN,(AKDENIZ),Ýlksel,,
2025.01.09,14:50:55,37.8690,38.2640,5.0,-.-,2.0,-.-,KAYATEPE-(ADIYAMAN),Ýlksel,,,,
2025.01.09,14:31:54,40.7788,28.9795,11.3,-.-,2.1,-.-,CINARCIK,ACIKLARI-YALOVA,(MARMARA,DENIZI),Ýlksel,
2025.01.09,14:16:19,36.9782,36.0900,8.7,-.-,1.9,-.-,YUKARIBURNAZ-ERZIN,(HATAY),Ýlksel,,,
2025.01.09,13:11:17,36.5970,36.4448,2.0,-.-,1.9,-.-,SOGUTLUOZ-KIRIKHAN,(HATAY),Ýlksel,,,
2025.01.09,13:08:29,39.0092,27.1403,8.2,-.-,2.9,-.-,CEVAPLI-BERGAMA,(IZMIR),Ýlksel,,,
2025.01.09,12:11:54,38.4938,38.8732,5.0,-.-,1.8,-.-,CAVUSLU-BASKIL,(ELAZIG),Ýlksel,,,
2025.01.09,11:51:28,37.1363,27.8970,0.0,-.-,1.2,-.-,SEKKOY-MILAS,(MUGLA),Ýlksel,,,
2025.01.09,11:23:32,37.1977,28.7542,29.3,-.-,1.7,-.-,KARACAOREN-(MUGLA),Ýlksel,,,,
2025.01.09,11:22:39,40.3790,31.7073,4.9,-.-,2.1,-.-,TAZILAR-SEBEN,(BOLU),Ýlksel,,,
2025.01.09,10:51:44,38.1828,37.3808,3.5,-.-,1.5,-.-,KOSEYAHYA-ELBISTAN,(KAHRAMANMARAS),Ýlksel,,,
2025.01.09,10:32:41,37.1558,28.7992,15.9,-.-,2.0,-.-,KARACAOREN-(MUGLA),Ýlksel,,,,
2025.01.09,09:33:42,38.3408,37.7103,5.0,-.-,1.4,-.-,BEKIRUSAGI-AKCADAG,(MALATYA),Ýlksel,,,
2025.01.09,09:29:04,38.3880,27.0982,17.5,-.-,1.6,-.-,KARABAGLAR,(IZMIR),Ýlksel,,,
2025.01.09,08:48:14,38.5068,30.3188,14.0,-.-,1.5,-.-,KIZIK-SANDIKLI,(AFYONKARAHISAR),Ýlksel,,,
2025.01.09,08:44:14,36.5150,32.0718,14.0,-.-,2.2,-.-,KESTEL-ALANYA,(ANTALYA),Ýlksel,,,
2025.01.09,08:28:17,38.6282,39.6397,10.9,-.-,1.7,-.-,KONAKALMAZ-(ELAZIG),Ýlksel,,,,
2025.01.09,08:01:32,37.1918,28.8397,14.3,-.-,1.6,-.-,BEYAGAC,(DENIZLI),Ýlksel,,,
2025.01.09,07:49:31,40.4690,29.1845,10.3,-.-,1.6,-.-,SAHINYURDU-GEMLIK,(BURSA),Ýlksel,,,
2025.01.09,07:02:42,41.0723,39.7080,5.3,-.-,3.4,3.4,TRABZON,(TRABZON),Ýlksel,,,
2025.01.09,06:58:07,39.3523,42.4475,1.0,-.-,2.4,-.-,KARDESLER-MALAZGIRT,(MUS),Ýlksel,,,
2025.01.09,06:35:43,37.5563,35.8328,18.6,-.-,1.1,-.-,DUZAGAC-KOZAN,(ADANA),Ýlksel,,,
2025.01.09,05:07:40,37.8960,27.5990,11.5,-.-,2.4,-.-,HIDIRBEYLI-GERMENCIK,(AYDIN),Ýlksel,,,
2025.01.09,04:17:11,37.3805,37.0955,5.4,-.-,2.0,-.-,MAKSUTUSAGI-PAZARCIK,(KAHRAMANMARAS),Ýlksel,,,
2025.01.09,04:15:38,38.2977,37.2517,1.0,-.-,1.6,-.-,KUCUKYAPALAK-ELBISTAN,(KAHRAMANMARAS),Ýlksel,,,
2025.01.09,04:06:13,38.6265,39.6088,6.9,-.-,2.0,-.-,SEHSUVAR-(ELAZIG),Ýlksel,,,,
2025.01.09,02:22:15,38.3198,38.1838,5.0,-.-,2.5,-.-,DURULDU-(MALATYA),Ýlksel,,,,
2025.01.09,01:56:24,38.1737,38.6633,5.0,-.-,2.5,-.-,ARITOPRAK-PUTURGE,(MALATYA),Ýlksel,,,
2025.01.09,01:33:28,38.8765,27.9397,10.1,-.-,2.0,-.-,TOPLUCA-AKHISAR,(MANISA),Ýlksel,,,
2025.01.08,23:59:31,38.2017,38.0957,4.5,-.-,1.4,-.-,OLUKLU-YESILYURT,(MALATYA),Ýlksel,,,
2025.01.08,23:40:10,37.1530,28.8212,15.2,-.-,1.7,-.-,KARACAOREN-(MUGLA),Ýlksel,,,,
2025.01.08,23:21:47,38.0747,37.5205,6.4,-.-,1.6,-.-,TATLAR-NURHAK,(KAHRAMANMARAS),Ýlksel,,,
2025.01.08,23:00:20,38.1515,36.9707,5.5,-.-,1.7,-.-,NADIRKOY-AFSIN,(KAHRAMANMARAS),Ýlksel,,,
2025.01.08,22:45:37,38.4632,40.5230,11.0,-.-,1.4,-.-,DARALAN-LICE,(DIYARBAKIR),Ýlksel,,,
2025.01.08,22:36:45,36.9485,27.6343,5.3,-.-,1.3,-.-,GOKOVA,KORFEZI,(AKDENIZ),Ýlksel,,
2025.01.08,22:29:50,37.9718,27.1200,5.7,-.-,1.6,-.-,KUSADASI,KORFEZI,(EGE,DENIZI),Ýlksel,
2025.01.08,22:12:47,37.1025,36.9565,8.9,-.-,1.2,-.-,KARTALKOY-NURDAGI,(GAZIANTEP),Ýlksel,,,
2025.01.08,21:45:41,38.1263,41.8668,7.0,-.-,1.8,-.-,ADAKALE-BAYKAN,(SIIRT),Ýlksel,,,
2025.01.08,21:21:37,35.6533,23.5733,28.3,-.-,3.0,3.0,GIRIT,ADASI,(AKDENIZ),Ýlksel,,
2025.01.08,21:17:15,37.1503,28.8478,16.4,-.-,1.2,-.-,BEYAGAC,(DENIZLI),Ýlksel,,,
2025.01.08,21:16:12,38.4268,38.9055,17.2,-.-,1.9,-.-,KUTLUGUN-BASKIL,(ELAZIG),Ýlksel,,,
2025.01.08,20:58:21,38.1580,36.6620,5.5,-.-,2.1,-.-,YENIYAPAN-GOKSUN,(KAHRAMANMARAS),Ýlksel,,,
2025.01.08,20:24:51,36.5115,28.7980,25.5,-.-,1.5,-.-,AKDENIZ,Ýlksel,,,,
2025.01.08,20:23:48,39.3795,44.0035,17.6,-.-,1.6,-.-,SOMKAYA-DOGUBAYAZIT,(AGRI),Ýlksel,,,
2025.01.08,19:48:25,36.9365,36.6533,5.7,-.-,1.4,-.-,KALAYCIK-ISLAHIYE,(GAZIANTEP),Ýlksel,,,
2025.01.08,18:36:04,40.4918,35.1413,8.5,-.-,2.0,-.-,ASAGIKORUCEK-MECITOZU,(CORUM),Ýlksel,,,
2025.01.08,18:25:20,38.6653,27.0048,10.1,-.-,1.8,-.-,HATUNDERE-MENEMEN,(IZMIR),Ýlksel,,,
2025.01.08,18:12:34,36.9717,36.0737,6.8,-.-,2.3,-.-,YUKARIBURNAZ-ERZIN,(HATAY),Ýlksel,,,
2025.01.08,17:47:25,37.5935,35.8490,11.5,-.-,1.6,-.-,DUZAGAC-KOZAN,(ADANA),Ýlksel,,,
2025.01.08,17:44:11,37.3002,28.5268,21.5,-.-,1.5,-.-,AKYER-(MUGLA),Ýlksel,,,,
2025.01.08,17:38:34,36.0275,28.1247,4.8,-.-,2.1,-.-,AKDENIZ,Ýlksel,,,,
2025.01.08,17:36:28,40.0063,23.2885,10.5,-.-,2.3,-.-,YUNANISTAN,Ýlksel,,,,
2025.01.08,17:31:57,38.4297,38.1232,6.1,-.-,1.6,-.-,AKSARAY-AKCADAG,(MALATYA),Ýlksel,,,
2025.01.08,16:29:42,39.4255,31.5362,0.0,-.-,1.3,-.-,SIVRIHISAR,(ESKISEHIR),Ýlksel,,,
2025.01.08,16:18:20,38.4257,28.4513,27.6,-.-,1.3,-.-,PIYADELER-ALASEHIR,(MANISA),Ýlksel,,,
2025.01.08,13:57:19,40.1737,32.9207,0.0,-.-,1.6,-.-,SIGIRLIHACI-CUBUK,(ANKARA),Ýlksel,,,
2025.01.08,13:52:31,37.8920,29.2697,7.7,-.-,1.7,-.-,BAKLANCAKIRLAR-CAL,(DENIZLI),Ýlksel,,,
2025.01.08,13:27:42,39.4802,33.4960,11.1,-.-,1.5,-.-,KARAYAKUP-CELEBI,(KIRIKKALE),Ýlksel,,,
2025.01.08,13:00:28,38.1213,36.4595,17.2,-.-,1.5,-.-,TAHIRBEY-GOKSUN,(KAHRAMANMARAS),Ýlksel,,,
2025.01.08,13:00:13,37.5183,40.3798,3.6,-.-,1.5,-.-,KOCAKENT-MAZIDAGI,(MARDIN),Ýlksel,,,
2025.01.08,12:52:04,36.9892,36.0927,13.2,-.-,2.8,-.-,BUYUKTUYSUZ-TOPRAKKALE,(OSMANIYE),Ýlksel,,,
2025.01.08,12:42:44,39.6312,29.4013,0.0,-.-,1.5,-.-,DERBENT-TAVSANLI,(KUTAHYA),Ýlksel,,,
2025.01.08,12:38:11,37.3303,31.9253,0.0,-.-,1.5,-.-,GOLYUZU-SEYDISEHIR,(KONYA),Ýlksel,,,
2025.01.08,12:23:57,38.4917,28.2643,8.0,-.-,1.8,-.-,BEYLIKLI-SALIHLI,(MANISA),Ýlksel,,,
2025.01.08,12:23:42,38.4287,37.4848,14.6,-.-,1.5,-.-,SUGUL-DARENDE,(MALATYA),Ýlksel,,,
2025.01.08,12:11:58,38.1548,36.7160,7.9,-.-,1.7,-.-,KARAOMER-GOKSUN,(KAHRAMANMARAS),Ýlksel,,,
2025.01.08,12:07:39,39.9132,41.6835,3.8,-.-,1.9,-.-,OTLUKKAPI-PASINLER,(ERZURUM),Ýlksel,,,
2025.01.08,10:56:46,38.4140,37.4830,7.8,-.-,1.8,-.-,SUGUL-DARENDE,(MALATYA),Ýlksel,,,
2025.01.08,10:49:15,38.4217,37.4958,4.3,-.-,1.7,-.-,SUGUL-DARENDE,(MALATYA),Ýlksel,,,
2025.01.08,10:46:35,37.0800,28.9663,4.2,-.-,1.8,-.-,OTMANLAR-KOYCEGIZ,(MUGLA),Ýlksel,,,
2025.01.08,10:41:23,39.8962,28.8505,0.0,-.-,1.7,-.-,DUNDAR-ORHANELI,(BURSA),Ýlksel,,,
2025.01.08,10:39:15,38.4910,28.2513,5.2,-.-,1.6,-.-,BEYLIKLI-SALIHLI,(MANISA),Ýlksel,,,
2025.01.08,10:20:29,36.5212,38.5007,5.6,-.-,2.2,-.-,SURIYE,Ýlksel,,,,
2025.01.08,10:16:56,40.3102,24.1582,13.6,-.-,3.0,-.-,YUNANISTAN,Ýlksel,,,,
2025.01.08,10:04:33,38.2262,38.4403,12.2,-.-,1.2,-.-,GULUMUSAGI-(MALATYA),Ýlksel,,,,
2025.01.08,09:22:09,36.3385,35.9425,8.3,-.-,1.7,-.-,HUYUK-ARSUZ,(HATAY),Ýlksel,,,
2025.01.08,09:13:01,37.9700,37.6035,17.3,-.-,1.3,-.-,KAPIDERE-DOGANSEHIR,(MALATYA),Ýlksel,,,
2025.01.08,08:55:42,38.2525,38.1830,0.0,-.-,1.5,-.-,SEYITUSAGI-YESILYURT,(MALATYA),Ýlksel,,,
2025.01.08,08:47:51,38.1430,30.9223,5.4,-.-,1.5,-.-,YENICE-GELENDOST,(ISPARTA),Ýlksel,,,
2025.01.08,08:39:49,38.3147,38.2403,5.4,-.-,2.5,-.-,BOSTANBASI-YESILYURT,(MALATYA),Ýlksel,,,
2025.01.08,08:31:35,38.9413,32.9495,13.1,-.-,1.2,-.-,CELEP-KULU,(KONYA),Ýlksel,,,
2025.01.08,08:22:30,38.1005,37.1442,8.9,-.-,1.8,-.-,ORTAOREN-EKINOZU,(KAHRAMANMARAS),Ýlksel,,,
2025.01.08,08:11:34,39.1967,27.7583,6.8,-.-,2.2,-.-,KARACAKAS-SOMA,(MANISA),Ýlksel,,,
2025.01.08,07:53:52,38.0932,37.3113,2.7,-.-,1.9,-.-,OZCANLI-ELBISTAN,(KAHRAMANMARAS),Ýlksel,,,
2025.01.08,07:11:10,38.2580,37.3353,5.0,-.-,2.5,-.-,GUNDERE-ELBISTAN,(KAHRAMANMARAS),Ýlksel,,,
2025.01.08,06:47:33,36.7975,38.2470,7.3,-.-,2.1,-.-,YUMURTALIK-SURUC,(SANLIURFA),Ýlksel,,,
2025.01.08,05:58:36,39.4768,34.7487,8.9,-.-,1.3,-.-,KONAKLI-SEFAATLI,(YOZGAT),Ýlksel,,,
2025.01.08,05:55:50,37.8458,36.6422,8.8,-.-,1.8,-.-,DONGEL-(KAHRAMANMARAS),Ýlksel,,,,
2025.01.08,05:30:43,38.1215,37.1380,1.2,-.-,1.6,-.-,GUPLUCE-ELBISTAN,(KAHRAMANMARAS),Ýlksel,,,
2025.01.08,05:05:31,39.8728,41.7555,4.1,-.-,1.9,-.-,TASLIYURT-PASINLER,(ERZURUM),Ýlksel,,,
2025.01.08,04:51:54,37.1702,28.8043,10.1,-.-,1.7,-.-,KARACAOREN-(MUGLA),Ýlksel,,,,
2025.01.08,04:43:08,39.8468,41.7297,5.0,-.-,2.5,-.-,TASLIYURT-PASINLER,(ERZURUM),Ýlksel,,,
2025.01.08,04:30:01,39.8440,41.7557,6.4,-.-,4.5,4.5,TASLIYURT-PASINLER,(ERZURUM),REVIZE01,(2025.01.08,04:30:01),
2025.01.08,03:48:35,38.1320,37.1508,5.0,-.-,2.2,-.-,GUPLUCE-ELBISTAN,(KAHRAMANMARAS),Ýlksel,,,
2025.01.08,03:43:19,38.1075,37.2298,5.4,-.-,2.1,-.-,AKPINAR-EKINOZU,(KAHRAMANMARAS),Ýlksel,,,
2025.01.08,03:19:01,38.1020,37.1253,8.5,-.-,1.5,-.-,ORTAOREN-EKINOZU,(KAHRAMANMARAS),Ýlksel,,,
2025.01.08,03:18:30,38.1267,37.1348,9.4,-.-,1.7,-.-,GUPLUCE-ELBISTAN,(KAHRAMANMARAS),Ýlksel,,,
2025.01.08,03:08:13,38.1175,37.2243,6.3,-.-,1.8,-.-,AKPINAR-EKINOZU,(KAHRAMANMARAS),Ýlksel,,,
2025.01.08,01:43:50,38.2423,39.0602,5.1,-.-,2.0,-.-,YESILKOY-DOGANYOL,(MALATYA),Ýlksel,,,
2025.01.08,01:19:36,37.8422,36.6552,11.8,-.-,1.6,-.-,DONGEL-(KAHRAMANMARAS),Ýlksel,,,,
2025.01.08,00:51:34,38.1735,38.1275,5.4,-.-,1.6,-.-,OLUKLU-YESILYURT,(MALATYA),Ýlksel,,,
2025.01.08,00:01:03,38.6712,31.2353,5.0,-.-,1.3,-.-,ORTAKARABAG-BOLVADIN,(AFYONKARAHISAR),Ýlksel,,,
2025.01.07,23:10:00,41.4823,34.3895,5.4,-.-,2.6,-.-,HACIALI-TASKOPRU,(KASTAMONU),Ýlksel,,,
2025.01.07,22:35:03,39.1637,40.2040,8.3,-.-,1.8,-.-,CAN-KARAKOCAN,(ELAZIG),Ýlksel,,,
2025.01.07,22:26:07,35.7553,27.3185,11.7,-.-,1.7,-.-,AKDENIZ,Ýlksel,,,,
2025.01.07,21:50:50,37.5545,35.7493,9.1,-.-,1.1,-.-,BAGOZU-KOZAN,(ADANA),Ýlksel,,,
2025.01.07,21:42:33,37.4523,37.0387,5.9,-.-,1.7,-.-,YENIYURT-(KAHRAMANMARAS),Ýlksel,,,,
2025.01.07,20:42:59,39.5138,26.3202,15.3,-.-,1.9,-.-,PASAKOY-AYVACIK,(CANAKKALE),Ýlksel,,,
2025.01.07,20:08:56,37.1307,28.8080,14.8,-.-,1.8,-.-,KARACAOREN-(MUGLA),Ýlksel,,,,
2025.01.07,19:52:10,36.8435,43.3120,5.4,-.-,2.6,-.-,IRAK,Ýlksel,,,,
2025.01.07,19:45:07,37.0708,28.4177,4.0,-.-,1.9,-.-,YESILOVA-ULA,(MUGLA),Ýlksel,,,
2025.01.07,19:06:27,37.5895,35.8322,4.0,-.-,1.1,-.-,DUZAGAC-KOZAN,(ADANA),Ýlksel,,,
2025.01.07,17:53:31,37.1493,28.8183,8.3,-.-,2.1,-.-,KARACAOREN-(MUGLA),Ýlksel,,,,
2025.01.07,17:42:37,38.5285,28.2453,9.6,-.-,2.6,-.-,DURASILLI-SALIHLI,(MANISA),Ýlksel,,,
2025.01.07,17:34:31,38.2333,38.1388,12.6,-.-,1.7,-.-,GORGU-YESILYURT,(MALATYA),Ýlksel,,,
2025.01.07,17:28:19,37.6640,35.4132,4.7,-.-,1.7,-.-,KUP-ALADAG,(ADANA),Ýlksel,,,
2025.01.07,15:38:53,38.4168,28.3300,16.8,-.-,1.4,-.-,GOBEKLI-ALASEHIR,(MANISA),Ýlksel,,,
2025.01.07,15:28:23,38.5382,27.7733,3.6,-.-,2.3,-.-,SARIBEY-TURGUTLU,(MANISA),Ýlksel,,,
2025.01.07,15:00:54,38.1645,38.3120,1.9,-.-,1.6,-.-,ASAGIKOY-YESILYURT,(MALATYA),Ýlksel,,,
2025.01.07,14:11:06,37.4582,33.6792,14.1,-.-,1.8,-.-,AMBAR-AYRANCI,(KARAMAN),Ýlksel,,,
2025.01.07,14:03:58,40.9235,31.6798,9.2,-.-,1.8,-.-,YAYLATEPE-YIGILCA,(DUZCE),Ýlksel,,,
2025.01.07,13:33:38,36.1692,33.5745,0.0,-.-,1.3,-.-,BUYUKECELI-GULNAR,(MERSIN),Ýlksel,,,
2025.01.07,13:08:48,38.4207,37.5560,5.7,-.-,2.0,-.-,ASAGIULUPINAR-DARENDE,(MALATYA),Ýlksel,,,
2025.01.07,12:55:10,38.4175,37.4977,5.5,-.-,1.7,-.-,SUGUL-DARENDE,(MALATYA),Ýlksel,,,
2025.01.07,12:52:55,38.0980,32.6020,0.0,-.-,0.8,-.-,SARICALAR-SELCUKLU,(KONYA),Ýlksel,,,
2025.01.07,12:51:21,36.2022,28.1815,3.5,-.-,1.9,-.-,AKDENIZ,Ýlksel,,,,
2025.01.07,12:32:18,37.4318,40.3193,3.4,-.-,1.6,-.-,TASIT-DERIK,(MARDIN),Ýlksel,,,
2025.01.07,12:25:23,38.5308,29.1937,19.9,-.-,1.0,-.-,KUCUKILYASLI-ULUBEY,(USAK),Ýlksel,,,
2025.01.07,12:19:48,38.3550,38.8323,10.0,-.-,1.7,-.-,AKUSAGI-KALE,(MALATYA),Ýlksel,,,
2025.01.07,12:13:43,39.6590,29.4777,0.0,-.-,1.6,-.-,MUHACIRLER-DOMANIC,(KUTAHYA),Ýlksel,,,
2025.01.07,10:58:17,38.5730,28.3007,13.7,-.-,1.8,-.-,DOMBAYLI-SALIHLI,(MANISA),Ýlksel,,,
2025.01.07,10:34:42,37.1832,28.8155,5.4,-.-,1.9,-.-,KARACAOREN-(MUGLA),Ýlksel,,,,
2025.01.07,10:29:58,37.9590,28.7637,4.8,-.-,1.7,-.-,SAVCILI-BUHARKENT,(AYDIN),Ýlksel,,,
2025.01.07,10:23:15,37.9682,28.7962,6.4,-.-,1.7,-.-,KIZILDERE-BUHARKENT,(AYDIN),Ýlksel,,,
2025.01.07,10:03:15,37.9047,27.5102,12.7,-.-,1.5,-.-,ORTAKLAR-GERMENCIK,(AYDIN),Ýlksel,,,
2025.01.07,09:53:18,37.0767,36.2413,9.4,-.-,1.6,-.-,OSMANIYE,(OSMANIYE),Ýlksel,,,
2025.01.07,09:13:56,39.4902,23.5670,20.8,-.-,2.9,-.-,YUNANISTAN,Ýlksel,,,,
2025.01.07,08:47:55,38.3842,37.8210,11.5,-.-,1.5,-.-,TATARUSAGI-AKCADAG,(MALATYA),Ýlksel,,,
2025.01.07,08:42:30,38.4840,39.5592,11.3,-.-,1.4,-.-,CITLIKOY-MADEN,(ELAZIG),Ýlksel,,,
2025.01.07,07:54:48,38.9068,30.0838,7.6,-.-,2.0,-.-,SELKISARAY-DUMLUPINAR,(KUTAHYA),Ýlksel,,,
2025.01.07,07:43:26,38.3595,38.7765,7.3,-.-,3.1,3.0,CANAKCI-KALE,(MALATYA),Ýlksel,,,
2025.01.07,07:28:09,37.1390,28.8283,12.6,-.-,2.3,-.-,KARACAOREN-(MUGLA),Ýlksel,,,,
2025.01.07,07:27:14,36.9087,36.5418,16.7,-.-,1.5,-.-,KAYABASI-ISLAHIYE,(GAZIANTEP),Ýlksel,,,
2025.01.07,07:10:16,38.5208,37.5388,5.7,-.-,2.0,-.-,GUDUL-DARENDE,(MALATYA),Ýlksel,,,
2025.01.07,06:39:09,38.1408,38.4212,9.7,-.-,1.4,-.-,SALKONAK-YESILYURT,(MALATYA),Ýlksel,,,
2025.01.07,06:25:29,38.5373,28.2402,8.0,-.-,1.7,-.-,DURASILLI-SALIHLI,(MANISA),Ýlksel,,,
2025.01.07,06:20:42,37.1362,28.8157,16.7,-.-,1.9,-.-,KARACAOREN-(MUGLA),Ýlksel,,,,
2025.01.07,06:07:51,38.3728,38.7338,7.5,-.-,1.9,-.-,KALEKOY-KALE,(MALATYA),Ýlksel,,,
2025.01.07,06:06:38,38.4810,28.1880,5.6,-.-,1.3,-.-,CUKUROBA-SALIHLI,(MANISA),Ýlksel,,,
2025.01.07,06:05:16,38.5045,28.2693,13.2,-.-,1.7,-.-,DURASILLI-SALIHLI,(MANISA),Ýlksel,,,
2025.01.07,05:46:46,38.9293,26.2368,5.0,-.-,1.9,-.-,MIDILLI,ADASI,GUNEYI,(EGE,DENIZI),Ýlksel
2025.01.07,04:46:48,37.0593,28.8102,3.9,-.-,1.4,-.-,YAYLA-KOYCEGIZ,(MUGLA),Ýlksel,,,
2025.01.07,04:44:12,37.7198,35.8200,5.0,-.-,1.3,-.-,KOCYAZI-FEKE,(ADANA),Ýlksel,,,
2025.01.07,04:32:01,37.1537,28.8365,12.5,-.-,2.0,2.1,KARACAOREN-(MUGLA),Ýlksel,,,,
2025.01.07,03:45:00,39.3233,28.4363,7.4,-.-,1.8,-.-,YUKARICAMLI-BIGADIC,(BALIKESIR),Ýlksel,,,
2025.01.07,03:37:46,38.1360,36.9738,6.1,-.-,2.2,-.-,TOMBAK-GOKSUN,(KAHRAMANMARAS),Ýlksel,,,
2025.01.07,03:33:17,39.6255,38.7067,5.0,-.-,2.0,-.-,GULBAHCE-KEMAH,(ERZINCAN),Ýlksel,,,
2025.01.07,03:07:12,38.5237,28.2485,8.7,-.-,3.0,-.-,DURASILLI-SALIHLI,(MANISA),Ýlksel,,,
2025.01.07,02:57:32,37.1617,36.6658,5.0,-.-,2.0,-.-,KIZLAC-BAHCE,(OSMANIYE),Ýlksel,,,
2025.01.07,02:22:23,37.8293,36.0748,7.2,-.-,1.8,-.-,HIMMETLI-SAIMBEYLI,(ADANA),Ýlksel,,,
2025.01.07,02:12:00,38.2975,38.7755,14.6,-.-,2.1,-.-,KARSIYAKA-PUTURGE,(MALATYA),Ýlksel,,,
2025.01.07,01:59:46,40.1968,27.5353,18.5,-.-,2.2,-.-,ARMUTLU-GONEN,(BALIKESIR),Ýlksel,,,
2025.01.07,01:58:03,37.1502,28.8243,14.3,-.-,1.8,-.-,KARACAOREN-(MUGLA),Ýlksel,,,,
2025.01.07,01:15:40,37.2645,28.8048,7.8,-.-,1.9,-.-,SAZAK-BEYAGAC,(DENIZLI),Ýlksel,,,
2025.01.07,01:07:32,37.1553,28.7980,2.3,-.-,1.6,-.-,KARACAOREN-(MUGLA),Ýlksel,,,,
2025.01.07,00:49:15,37.1505,28.7840,31.0,-.-,1.2,-.-,KARACAOREN-(MUGLA),Ýlksel,,,,
2025.01.07,00:47:14,37.1510,28.8157,10.1,-.-,1.6,-.-,KARACAOREN-(MUGLA),Ýlksel,,,,
2025.01.07,00:31:17,38.1428,36.5397,2.2,-.-,2.9,-.-,KOMURKOY-GOKSUN,(KAHRAMANMARAS),Ýlksel,,,
2025.01.07,00:16:30,37.1650,28.8443,10.0,-.-,1.8,-.-,BEYAGAC,(DENIZLI),Ýlksel,,,
2025.01.07,00:14:37,37.1458,28.7927,24.8,-.-,1.4,-.-,KARACAOREN-(MUGLA),Ýlksel,,,,
2025.01.07,00:11:40,37.1353,28.8100,6.2,-.-,3.2,3.1,KARACAOREN-(MUGLA),Ýlksel,,,,
2025.01.06,23:28:20,38.1273,38.4560,5.9,-.-,2.3,-.-,AKSU-SINCIK,(ADIYAMAN),Ýlksel,,,
2025.01.06,23:02:44,39.3630,44.4845,13.3,-.-,2.0,-.-,SARICAVUS-DOGUBAYAZIT,(AGRI),Ýlksel,,,
2025.01.06,22:52:24,36.0668,28.1127,5.5,-.-,2.0,-.-,AKDENIZ,Ýlksel,,,,
2025.01.06,22:40:51,40.6447,42.7085,26.4,-.-,1.6,-.-,BOZKUS-SELIM,(KARS),Ýlksel,,,
2025.01.06,22:30:46,37.1710,28.7933,5.0,-.-,1.8,-.-,KARACAOREN-(MUGLA),Ýlksel,,,,
2025.01.06,22:20:57,40.7942,42.6763,5.0,-.-,1.7,-.-,SENEMOGLU-GOLE,(ARDAHAN),Ýlksel,,,
2025.01.06,21:57:58,35.6367,26.6907,11.2,-.-,2.4,-.-,AKDENIZ,Ýlksel,,,,
2025.01.06,21:56:07,35.6605,26.6108,14.3,-.-,2.3,-.-,AKDENIZ,Ýlksel,,,,
2025.01.06,21:50:05,35.6157,26.7318,10.2,-.-,2.7,-.-,AKDENIZ,Ýlksel,,,,
2025.01.06,21:46:07,35.6648,26.6577,11.2,-.-,2.4,-.-,AKDENIZ,Ýlksel,,,,
2025.01.06,21:34:07,35.6468,26.6778,9.9,-.-,3.2,3.2,AKDENIZ,Ýlksel,,,,
2025.01.06,21:30:14,38.7248,30.7403,5.0,-.-,1.9,-.-,SULUMENLI-(AFYONKARAHISAR),Ýlksel,,,,
2025.01.06,20:52:10,37.1607,28.8303,14.2,-.-,1.4,-.-,KARACAOREN-(MUGLA),Ýlksel,,,,
2025.01.06,19:37:58,36.3072,42.4773,27.3,-.-,3.3,3.2,IRAK,Ýlksel,,,,
2025.01.06,18:48:12,37.6430,32.0408,13.6,-.-,1.4,-.-,KOZLU-SEYDISEHIR,(KONYA),Ýlksel,,,
2025.01.06,18:41:44,36.0180,28.0737,7.6,-.-,1.7,-.-,AKDENIZ,Ýlksel,,,,
2025.01.06,18:10:45,38.0998,38.5355,7.3,-.-,1.5,-.-,GECITLI-SINCIK,(ADIYAMAN),Ýlksel,,,
2025.01.06,18:03:21,40.6393,27.5855,4.5,-.-,1.5,-.-,MARMARA,DENIZI,Ýlksel,,,
2025.01.06,18:00:07,38.4158,37.5222,5.5,-.-,1.4,-.-,SUGUL-DARENDE,(MALATYA),Ýlksel,,,
2025.01.06,17:20:53,37.1148,28.4755,7.6,-.-,2.3,-.-,ARMUTCUK-ULA,(MUGLA),Ýlksel,,,
2025.01.06,17:10:35,37.1593,28.8037,26.7,-.-,1.4,-.-,KARACAOREN-(MUGLA),Ýlksel,,,,
2025.01.06,17:06:07,38.3925,38.8662,14.9,-.-,1.6,-.-,YENIDAMLAR-KALE,(MALATYA),Ýlksel,,,
2025.01.06,17:03:43,37.1522,28.8265,6.2,-.-,1.6,-.-,KARACAOREN-(MUGLA),Ýlksel,,,,
2025.01.06,15:30:21,39.6055,29.3685,0.0,-.-,1.5,-.-,YENIKOY-TAVSANLI,(KUTAHYA),Ýlksel,,,
2025.01.06,15:26:38,37.1627,28.8683,11.4,-.-,2.2,-.-,BEYAGAC,(DENIZLI),Ýlksel,,,
2025.01.06,14:41:18,37.1622,28.8192,12.9,-.-,2.2,-.-,KARACAOREN-(MUGLA),Ýlksel,,,,
2025.01.06,14:39:37,37.9948,37.5818,4.6,-.-,1.6,-.-,TATLAR-NURHAK,(KAHRAMANMARAS),Ýlksel,,,
2025.01.06,14:22:12,36.1327,33.5512,0.0,-.-,1.3,-.-,BUYUKECELI-GULNAR,(MERSIN),Ýlksel,,,
2025.01.06,13:56:54,37.3730,36.9773,4.7,-.-,2.2,-.-,OZBEK-TURKOGLU,(KAHRAMANMARAS),Ýlksel,,,
2025.01.06,13:45:33,37.6198,35.3560,5.0,-.-,2.0,-.-,YETIMLI-ALADAG,(ADANA),Ýlksel,,,
2025.01.06,13:35:25,37.4845,42.3792,4.9,-.-,1.5,-.-,TOPTEPE-(SIRNAK),Ýlksel,,,,
2025.01.06,13:25:32,36.0922,33.5313,5.0,-.-,1.1,-.-,YANISLI-GULNAR,(MERSIN),Ýlksel,,,
2025.01.06,13:15:22,39.3678,29.2680,0.0,-.-,1.4,-.-,CALCAAGIL-EMET,(KUTAHYA),Ýlksel,,,
2025.01.06,13:04:53,37.1378,28.8170,4.3,-.-,1.6,-.-,KARACAOREN-(MUGLA),Ýlksel,,,,
2025.01.06,12:54:49,39.4563,28.1700,5.0,-.-,1.6,-.-,CAMKOY-BIGADIC,(BALIKESIR),Ýlksel,,,
2025.01.06,12:07:29,37.1715,28.7488,12.3,-.-,1.7,-.-,TURGUT-ULA,(MUGLA),Ýlksel,,,
2025.01.06,12:06:37,37.3455,28.2225,0.0,-.-,1.6,-.-,SEREFKOY-YATAGAN,(MUGLA),Ýlksel,,,
2025.01.06,12:04:08,37.4257,38.8280,5.0,-.-,1.6,-.-,BOLUCEK-(SANLIURFA),Ýlksel,,,,
2025.01.06,12:01:15,39.0483,27.7852,10.1,-.-,2.2,-.-,TUTENLI-AKHISAR,(MANISA),Ýlksel,,,
2025.01.06,11:46:56,36.6525,26.7787,142.1,-.-,3.5,3.3,AKDENIZ,Ýlksel,,,,
2025.01.06,11:38:38,39.1753,27.6720,0.0,-.-,1.5,-.-,YIRCA-SOMA,(MANISA),Ýlksel,,,
2025.01.06,11:09:20,36.0987,28.1768,6.3,-.-,2.0,-.-,AKDENIZ,Ýlksel,,,,
2025.01.06,11:05:56,37.8440,26.9725,5.3,-.-,2.2,-.-,KUSADASI,KORFEZI,(EGE,DENIZI),Ýlksel,
2025.01.06,10:56:07,41.4443,34.4128,5.0,-.-,1.6,-.-,PASA-TASKOPRU,(KASTAMONU),Ýlksel,,,
2025.01.06,10:46:44,37.1725,28.8365,7.8,-.-,1.7,-.-,KARACAOREN-(MUGLA),Ýlksel,,,,
2025.01.06,10:36:33,36.8092,27.9160,11.8,-.-,1.8,-.-,GOKOVA,KORFEZI,(AKDENIZ),Ýlksel,,
2025.01.06,10:11:11,37.2228,28.8188,4.7,-.-,1.8,-.-,KARACAOREN-(MUGLA),Ýlksel,,,,
2025.01.06,10:03:47,39.0303,41.3540,10.8,-.-,1.3,-.-,KUTLUGUN-(MUS),Ýlksel,,,,
2025.01.06,09:38:30,37.1792,28.8268,13.2,-.-,1.9,-.-,KARACAOREN-(MUGLA),Ýlksel,,,,
2025.01.06,09:32:55,37.1633,28.8210,6.4,-.-,3.0,2.8,KARACAOREN-(MUGLA),Ýlksel,,,,
2025.01.06,09:02:49,38.0032,37.6133,27.8,-.-,1.7,-.-,GOVDELI-DOGANSEHIR,(MALATYA),Ýlksel,,,
2025.01.06,08:52:53,37.1643,28.8048,18.1,-.-,1.4,-.-,KARACAOREN-(MUGLA),Ýlksel,,,,
2025.01.06,08:45:40,38.2475,37.7732,5.4,-.-,1.4,-.-,CEVIRME-AKCADAG,(MALATYA),Ýlksel,,,
2025.01.06,08:43:40,37.8582,36.0648,1.0,-.-,1.8,-.-,HIMMETLI-SAIMBEYLI,(ADANA),Ýlksel,,,
2025.01.06,08:02:33,37.1740,28.8113,3.8,-.-,1.5,-.-,KARACAOREN-(MUGLA),Ýlksel,,,,
2025.01.06,07:47:22,37.1602,28.8255,20.2,-.-,1.3,-.-,KARACAOREN-(MUGLA),Ýlksel,,,,
2025.01.06,07:42:08,37.8728,29.3342,13.0,-.-,1.5,-.-,KARAPINAR-CAL,(DENIZLI),Ýlksel,,,
2025.01.06,07:21:58,40.6900,32.7558,5.0,-.-,2.0,-.-,YONCALI-CERKES,(CANKIRI),Ýlksel,,,
2025.01.06,07:14:29,38.4275,37.4832,5.0,-.-,2.7,-.-,SUGUL-DARENDE,(MALATYA),Ýlksel,,,
2025.01.06,06:56:44,37.1362,28.8290,14.3,-.-,1.6,-.-,KARACAOREN-(MUGLA),Ýlksel,,,,
2025.01.06,06:42:53,38.4125,37.5497,15.0,-.-,1.5,-.-,YUKARIULUPINAR-DARENDE,(MALATYA),Ýlksel,,,
2025.01.06,06:38:42,37.9337,27.5645,9.1,-.-,1.9,-.-,CAMKOY-GERMENCIK,(AYDIN),Ýlksel,,,
2025.01.06,06:31:38,38.2202,37.7733,9.0,-.-,1.6,-.-,CAVUSLU-DOGANSEHIR,(MALATYA),Ýlksel,,,
2025.01.06,05:42:13,38.1632,37.5855,7.1,-.-,1.5,-.-,KARAHASANUSAGI-ELBISTAN,(KAHRAMANMARAS),Ýlksel,,,
2025.01.06,05:23:32,36.1810,28.1017,4.7,-.-,1.8,-.-,RODOS,ADASI,(AKDENIZ),Ýlksel,,
2025.01.06,05:14:21,36.1803,28.1675,5.7,-.-,2.2,-.-,AKDENIZ,Ýlksel,,,,
2025.01.06,05:09:09,38.1610,37.8863,14.4,-.-,1.4,-.-,POLAT-DOGANSEHIR,(MALATYA),Ýlksel,,,
2025.01.06,04:50:41,37.7692,37.7045,19.1,-.-,1.3,-.-,YUKARICOPLU-GOLBASI,(ADIYAMAN),Ýlksel,,,
2025.01.06,04:48:16,36.2865,36.0147,7.1,-.-,1.5,-.-,CEYLANDERE-SAMANDAG,(HATAY),Ýlksel,,,
2025.01.06,04:30:35,36.2102,28.1137,6.9,-.-,4.1,-.-,AKDENIZ,Ýlksel,,,,
2025.01.06,03:40:33,37.8058,37.7260,5.0,-.-,2.9,-.-,AKCAKAYA-GOLBASI,(ADIYAMAN),Ýlksel,,,
2025.01.06,03:07:57,37.6953,35.8968,8.3,-.-,1.3,-.-,CULLUUSAGI-KOZAN,(ADANA),Ýlksel,,,
2025.01.06,03:00:27,37.1193,35.7277,24.3,-.-,1.3,-.-,TATLIKUYU-CEYHAN,(ADANA),Ýlksel,,,
2025.01.06,02:55:48,38.9193,30.0703,12.1,-.-,3.0,-.-,ZAFERTEPECALKOY-ALTINTAS,(KUTAHYA),Ýlksel,,,
2025.01.06,02:37:43,37.3870,28.1638,11.9,-.-,2.1,-.-,KAFACAKAPLANCIK-YATAGAN,(MUGLA),Ýlksel,,,
2025.01.06,01:30:02,38.5862,28.2037,7.7,-.-,1.5,-.-,CAPAKLI-SALIHLI,(MANISA),Ýlksel,,,
2025.01.06,01:27:49,38.4107,37.5178,1.3,-.-,2.2,-.-,SUGUL-DARENDE,(MALATYA),Ýlksel,,,
2025.01.06,01:23:50,38.6012,28.1115,20.4,-.-,1.3,-.-,POYRAZDAMLARI-SALIHLI,(MANISA),Ýlksel,,,
2025.01.06,01:19:39,37.1835,28.8408,7.6,-.-,1.8,-.-,BEYAGAC,(DENIZLI),Ýlksel,,,
2025.01.06,01:16:28,36.6480,28.1518,24.6,-.-,1.5,-.-,BOZBURUN,ACIKLARI-MUGLA,(AKDENIZ),Ýlksel,,
